# stack_id	version	os_type	arch_id	primary_package	checksum_type	checksum	download_url	related_package_1	related_package_1_checksum_type	related_package_1_checksum	related_package_2	related_package_2_checksum_type	related_package_2_checksum	status	notes
mysql	5.7.26	all	all	mysql-5.7.26-linux-glibc2.12-x86_64.tar.gz	md5	08a3b385db2f151598017b63fbcb6c43	https://downloads.mysql.com/archives/get/p/23/file/mysql-5.7.26-linux-glibc2.12-x86_64.tar.gz	-	none	-	-	none	-	supported	MySQL 5.7 archive package.
mysql	5.7.27	all	all	mysql-5.7.27-linux-glibc2.12-x86_64.tar.gz	md5	020b17fcbe79df8d59811f638d89df0e	https://downloads.mysql.com/archives/get/p/23/file/mysql-5.7.27-linux-glibc2.12-x86_64.tar.gz	-	none	-	-	none	-	supported	MySQL 5.7 archive package.
mysql	5.7.28	all	all	mysql-5.7.28-linux-glibc2.12-x86_64.tar.gz	md5	1daa30a32b99a92062f481bd3ef8694c	https://downloads.mysql.com/archives/get/p/23/file/mysql-5.7.28-linux-glibc2.12-x86_64.tar.gz	-	none	-	-	none	-	supported	MySQL 5.7 archive package.
mysql	5.7.29	all	all	mysql-5.7.29-linux-glibc2.12-x86_64.tar.gz	md5	60d95c0e76b700cee5b05eb96b5b97a2	https://downloads.mysql.com/archives/get/p/23/file/mysql-5.7.29-linux-glibc2.12-x86_64.tar.gz	-	none	-	-	none	-	supported	MySQL 5.7 archive package.
mysql	5.7.30	all	all	mysql-5.7.30-linux-glibc2.12-x86_64.tar.gz	md5	611be3b18a30498b705db773293ad341	https://downloads.mysql.com/archives/get/p/23/file/mysql-5.7.30-linux-glibc2.12-x86_64.tar.gz	-	none	-	-	none	-	supported	MySQL 5.7 archive package.
mysql	5.7.31	all	all	mysql-5.7.31-linux-glibc2.12-x86_64.tar.gz	md5	bf1a97232dbab450cf73356fc74a02a3	https://downloads.mysql.com/archives/get/p/23/file/mysql-5.7.31-linux-glibc2.12-x86_64.tar.gz	-	none	-	-	none	-	supported	MySQL 5.7 archive package.
mysql	5.7.32	all	all	mysql-5.7.32-linux-glibc2.12-x86_64.tar.gz	md5	63f400a1c3727996176451c7f7457992	https://downloads.mysql.com/archives/get/p/23/file/mysql-5.7.32-linux-glibc2.12-x86_64.tar.gz	-	none	-	-	none	-	supported	MySQL 5.7 archive package.
mysql	5.7.33	all	all	mysql-5.7.33-linux-glibc2.12-x86_64.tar.gz	md5	0884a3562e89fd8acc82c37d3b52ad3b	https://downloads.mysql.com/archives/get/p/23/file/mysql-5.7.33-linux-glibc2.12-x86_64.tar.gz	-	none	-	-	none	-	supported	MySQL 5.7 archive package.
mysql	5.7.34	all	all	mysql-5.7.34-linux-glibc2.12-x86_64.tar.gz	md5	cdf3bec90f7dd576397b23d1ddb399c5	https://downloads.mysql.com/archives/get/p/23/file/mysql-5.7.34-linux-glibc2.12-x86_64.tar.gz	-	none	-	-	none	-	supported	MySQL 5.7 archive package.
mysql	5.7.35	all	all	mysql-5.7.35-linux-glibc2.12-x86_64.tar.gz	md5	66bd4334ea109fffd4b615f2d8fa8358	https://downloads.mysql.com/archives/get/p/23/file/mysql-5.7.35-linux-glibc2.12-x86_64.tar.gz	-	none	-	-	none	-	supported	MySQL 5.7 archive package.
mysql	5.7.36	all	all	mysql-5.7.36-linux-glibc2.12-x86_64.tar.gz	md5	1748ec2c8b5ca1bcf8ba3b1f5e956139	https://downloads.mysql.com/archives/get/p/23/file/mysql-5.7.36-linux-glibc2.12-x86_64.tar.gz	-	none	-	-	none	-	supported	MySQL 5.7 archive package.
mysql	5.7.37	all	all	mysql-5.7.37-linux-glibc2.12-x86_64.tar.gz	md5	423915249cc67bbfa75223d9753cde77	https://downloads.mysql.com/archives/get/p/23/file/mysql-5.7.37-linux-glibc2.12-x86_64.tar.gz	-	none	-	-	none	-	supported	MySQL 5.7 archive package.
mysql	5.7.38	all	all	mysql-5.7.38-linux-glibc2.12-x86_64.tar.gz	md5	9bd4d73ee7ed3b4eaa5cd55764c792d3	https://downloads.mysql.com/archives/get/p/23/file/mysql-5.7.38-linux-glibc2.12-x86_64.tar.gz	-	none	-	-	none	-	supported	MySQL 5.7 archive package.
mysql	5.7.39	all	all	mysql-5.7.39-linux-glibc2.12-x86_64.tar.gz	md5	79b971fc3e3368f2a1e07fbafae0b914	https://downloads.mysql.com/archives/get/p/23/file/mysql-5.7.39-linux-glibc2.12-x86_64.tar.gz	-	none	-	-	none	-	supported	MySQL 5.7 archive package.
mysql	5.7.40	all	all	mysql-5.7.40-linux-glibc2.12-x86_64.tar.gz	md5	ce0ef7b9712597f44f4ce9b9d7414a24	https://downloads.mysql.com/archives/get/p/23/file/mysql-5.7.40-linux-glibc2.12-x86_64.tar.gz	-	none	-	-	none	-	supported	MySQL 5.7 archive package.
mysql	5.7.41	all	all	mysql-5.7.41-linux-glibc2.12-x86_64.tar.gz	md5	501a7f6f25246b178fef90321391891c	https://downloads.mysql.com/archives/get/p/23/file/mysql-5.7.41-linux-glibc2.12-x86_64.tar.gz	-	none	-	-	none	-	supported	MySQL 5.7 archive package.
mysql	5.7.42	all	all	mysql-5.7.42-linux-glibc2.12-x86_64.tar.gz	md5	c00530249e4bf6899d1fbf6d3fed4897	https://downloads.mysql.com/archives/get/p/23/file/mysql-5.7.42-linux-glibc2.12-x86_64.tar.gz	-	none	-	-	none	-	supported	MySQL 5.7 archive package.
mysql	5.7.43	all	all	mysql-5.7.43-linux-glibc2.12-x86_64.tar.gz	md5	4f49e175c5e9cd22fbf1655537a18125	https://downloads.mysql.com/archives/get/p/23/file/mysql-5.7.43-linux-glibc2.12-x86_64.tar.gz	-	none	-	-	none	-	supported	MySQL 5.7 archive package.
mysql	5.7.44	all	all	mysql-5.7.44-linux-glibc2.12-x86_64.tar.gz	md5	d7c8436bbf456e9a4398011a0c52bc40	https://downloads.mysql.com/archives/get/p/23/file/mysql-5.7.44-linux-glibc2.12-x86_64.tar.gz	-	none	-	-	none	-	supported	MySQL 5.7 archive package.
mysql	8.0.21	all	all	mysql-8.0.21-linux-glibc2.17-x86_64-minimal.tar.xz	md5	b67522852b142038056f3c4e9dd1e8cf	https://downloads.mysql.com/archives/get/p/23/file/mysql-8.0.21-linux-glibc2.17-x86_64-minimal.tar.xz	-	none	-	-	none	-	supported	MySQL 8.0 glibc2.17 minimal package.
mysql	8.0.22	all	all	mysql-8.0.22-linux-glibc2.17-x86_64-minimal.tar.xz	md5	784fcd37010a05d85a18b4b779b52105	https://downloads.mysql.com/archives/get/p/23/file/mysql-8.0.22-linux-glibc2.17-x86_64-minimal.tar.xz	-	none	-	-	none	-	supported	MySQL 8.0 glibc2.17 minimal package.
mysql	8.0.23	all	all	mysql-8.0.23-linux-glibc2.17-x86_64-minimal.tar.xz	md5	1ff5fe9f2b5c57b1aa181d0922ac42aa	https://downloads.mysql.com/archives/get/p/23/file/mysql-8.0.23-linux-glibc2.17-x86_64-minimal.tar.xz	-	none	-	-	none	-	supported	MySQL 8.0 glibc2.17 minimal package.
mysql	8.0.24	all	all	mysql-8.0.24-linux-glibc2.17-x86_64-minimal.tar.xz	md5	ff9c0d623c7568a645473200b7c1aba7	https://downloads.mysql.com/archives/get/p/23/file/mysql-8.0.24-linux-glibc2.17-x86_64-minimal.tar.xz	-	none	-	-	none	-	supported	MySQL 8.0 glibc2.17 minimal package.
mysql	8.0.25	all	all	mysql-8.0.25-linux-glibc2.17-x86_64-minimal.tar.xz	md5	c47742291e9ae9693e6cf6543ed6a689	https://downloads.mysql.com/archives/get/p/23/file/mysql-8.0.25-linux-glibc2.17-x86_64-minimal.tar.xz	-	none	-	-	none	-	supported	MySQL 8.0 glibc2.17 minimal package.
mysql	8.0.26	all	all	mysql-8.0.26-linux-glibc2.17-x86_64-minimal-rebuild.tar.xz	md5	d830538cb6644100275a013541a9f129	https://downloads.mysql.com/archives/get/p/23/file/mysql-8.0.26-linux-glibc2.17-x86_64-minimal-rebuild.tar.xz	-	none	-	-	none	-	supported	MySQL 8.0 glibc2.17 minimal package.
mysql	8.0.27	all	all	mysql-8.0.27-linux-glibc2.17-x86_64-minimal.tar.xz	md5	19aeabf7135649159c109e46781dc5c5	https://downloads.mysql.com/archives/get/p/23/file/mysql-8.0.27-linux-glibc2.17-x86_64-minimal.tar.xz	-	none	-	-	none	-	supported	MySQL 8.0 glibc2.17 minimal package.
mysql	8.0.28	all	all	mysql-8.0.28-linux-glibc2.17-x86_64-minimal.tar.xz	md5	55a7759e25cc527416150c8181ce3f6d	https://downloads.mysql.com/archives/get/p/23/file/mysql-8.0.28-linux-glibc2.17-x86_64-minimal.tar.xz	-	none	-	-	none	-	supported	MySQL 8.0 glibc2.17 minimal package.
mysql	8.0.30	all	all	mysql-8.0.30-linux-glibc2.17-x86_64-minimal.tar.xz	md5	aa8ee8618832627d036cd234b769761d	https://downloads.mysql.com/archives/get/p/23/file/mysql-8.0.30-linux-glibc2.17-x86_64-minimal.tar.xz	-	none	-	-	none	-	supported	MySQL 8.0 glibc2.17 minimal package.
mysql	8.0.31	all	all	mysql-8.0.31-linux-glibc2.17-x86_64-minimal.tar.xz	md5	8f763c0d32f19d385d84eca9f90a642a	https://downloads.mysql.com/archives/get/p/23/file/mysql-8.0.31-linux-glibc2.17-x86_64-minimal.tar.xz	-	none	-	-	none	-	supported	MySQL 8.0 glibc2.17 minimal package.
mysql	8.0.32	all	all	mysql-8.0.32-linux-glibc2.17-x86_64-minimal.tar.xz	md5	b553a35e0457e9414137adf78e67827d	https://downloads.mysql.com/archives/get/p/23/file/mysql-8.0.32-linux-glibc2.17-x86_64-minimal.tar.xz	-	none	-	-	none	-	supported	MySQL 8.0 glibc2.17 minimal package.
mysql	8.0.33	all	all	mysql-8.0.33-linux-glibc2.17-x86_64-minimal.tar.xz	md5	377b6ae9c88a698438a19d67efa03252	https://downloads.mysql.com/archives/get/p/23/file/mysql-8.0.33-linux-glibc2.17-x86_64-minimal.tar.xz	-	none	-	-	none	-	supported	MySQL 8.0 glibc2.17 minimal package.
mysql	8.0.34	all	all	mysql-8.0.34-linux-glibc2.17-x86_64-minimal.tar.xz	md5	d7f6f063dbc39655f5ccaefa76569ebe	https://downloads.mysql.com/archives/get/p/23/file/mysql-8.0.34-linux-glibc2.17-x86_64-minimal.tar.xz	-	none	-	-	none	-	supported	MySQL 8.0 glibc2.17 minimal package.
mysql	8.0.35	non-Rocky9	all	mysql-8.0.35-linux-glibc2.17-x86_64-minimal.tar.xz	md5	d9ce0f4ee9a4dde3c5259898f245f496	https://downloads.mysql.com/archives/get/p/23/file/mysql-8.0.35-linux-glibc2.17-x86_64-minimal.tar.xz	-	none	-	-	none	-	supported	Default MySQL 8.0 package for supported non-Rocky9 targets.
mysql	8.0.35	Rocky9	all	mysql-8.0.35-linux-glibc2.28-x86_64.tar.xz	md5	9c1193dc4ac5c6dd474f94c26e4fc9e0	https://downloads.mysql.com/archives/get/p/23/file/mysql-8.0.35-linux-glibc2.28-x86_64.tar.xz	-	none	-	-	none	-	supported	Rocky9 uses the glibc2.28 non-minimal MySQL package.
mysql	8.0.36	non-Rocky9	all	mysql-8.0.36-linux-glibc2.17-x86_64-minimal.tar.xz	md5	35bfbebdd7985b5687752eac4ba459ae	https://downloads.mysql.com/archives/get/p/23/file/mysql-8.0.36-linux-glibc2.17-x86_64-minimal.tar.xz	-	none	-	-	none	-	supported	Default MySQL 8.0 package for supported non-Rocky9 targets.
mysql	8.0.36	Rocky9	all	mysql-8.0.36-linux-glibc2.28-x86_64.tar.xz	md5	597a7520a80323b7d1819f0bad678324	https://downloads.mysql.com/archives/get/p/23/file/mysql-8.0.36-linux-glibc2.28-x86_64.tar.xz	-	none	-	-	none	-	supported	Rocky9 uses the glibc2.28 non-minimal MySQL package.
mysql	8.0.37	non-Rocky9	all	mysql-8.0.37-linux-glibc2.17-x86_64-minimal.tar.xz	md5	797b3cc80b91f4450ef9942bc01cb2ff	https://downloads.mysql.com/archives/get/p/23/file/mysql-8.0.37-linux-glibc2.17-x86_64-minimal.tar.xz	-	none	-	-	none	-	supported	Default MySQL 8.0 package for supported non-Rocky9 targets.
mysql	8.0.37	Rocky9	all	mysql-8.0.37-linux-glibc2.28-x86_64.tar.xz	md5	4ef87d5f5160a6565e767ec10002ce74	https://downloads.mysql.com/archives/get/p/23/file/mysql-8.0.37-linux-glibc2.28-x86_64.tar.xz	-	none	-	-	none	-	supported	Rocky9 uses the glibc2.28 non-minimal MySQL package.
mysql	8.0.39	non-Rocky9	all	mysql-8.0.39-linux-glibc2.17-x86_64-minimal.tar.xz	md5	8b268e53998e662d46dfc57292e08993	https://downloads.mysql.com/archives/get/p/23/file/mysql-8.0.39-linux-glibc2.17-x86_64-minimal.tar.xz	-	none	-	-	none	-	supported	Default MySQL 8.0 package for supported non-Rocky9 targets.
mysql	8.0.39	Rocky9	all	mysql-8.0.39-linux-glibc2.28-x86_64.tar.xz	md5	2c784d6d6fcf37bb289ec20aa78f3518	https://downloads.mysql.com/archives/get/p/23/file/mysql-8.0.39-linux-glibc2.28-x86_64.tar.xz	-	none	-	-	none	-	supported	Rocky9 uses the glibc2.28 non-minimal MySQL package.
mysql	8.0.40	non-Rocky9	all	mysql-8.0.40-linux-glibc2.17-x86_64-minimal.tar.xz	md5	230b11ab4dbd84f1a3349559e6ed6bec	https://downloads.mysql.com/archives/get/p/23/file/mysql-8.0.40-linux-glibc2.17-x86_64-minimal.tar.xz	-	none	-	-	none	-	supported	Default MySQL 8.0 package for supported non-Rocky9 targets.
mysql	8.0.40	Rocky9	all	mysql-8.0.40-linux-glibc2.28-x86_64.tar.xz	md5	dcf2702f953d1969be44083f4f063f18	https://downloads.mysql.com/archives/get/p/23/file/mysql-8.0.40-linux-glibc2.28-x86_64.tar.xz	-	none	-	-	none	-	supported	Rocky9 uses the glibc2.28 non-minimal MySQL package.
mysql	8.0.41	non-Rocky9	all	mysql-8.0.41-linux-glibc2.17-x86_64-minimal.tar.xz	md5	ddca95d04bfd71b917d48726a219d7fd	https://downloads.mysql.com/archives/get/p/23/file/mysql-8.0.41-linux-glibc2.17-x86_64-minimal.tar.xz	-	none	-	-	none	-	supported	Default MySQL 8.0 package for supported non-Rocky9 targets.
mysql	8.0.41	Rocky9	all	mysql-8.0.41-linux-glibc2.28-x86_64.tar.xz	md5	104a0fd19112c53705c1f4e41ae5b61a	https://downloads.mysql.com/archives/get/p/23/file/mysql-8.0.41-linux-glibc2.28-x86_64.tar.xz	-	none	-	-	none	-	supported	Rocky9 uses the glibc2.28 non-minimal MySQL package.
mysql	8.0.42	non-Rocky9	all	mysql-8.0.42-linux-glibc2.17-x86_64-minimal.tar.xz	md5	f20ced98976b68e787ddffe3662d687d	https://downloads.mysql.com/archives/get/p/23/file/mysql-8.0.42-linux-glibc2.17-x86_64-minimal.tar.xz	-	none	-	-	none	-	supported	Default MySQL 8.0 package for supported non-Rocky9 targets.
mysql	8.0.42	Rocky9	all	mysql-8.0.42-linux-glibc2.28-x86_64.tar.xz	md5	538adf1ba2116c1a51bbe501d4429af4	https://downloads.mysql.com/archives/get/p/23/file/mysql-8.0.42-linux-glibc2.28-x86_64.tar.xz	-	none	-	-	none	-	supported	Rocky9 uses the glibc2.28 non-minimal MySQL package.
mysql	8.0.43	non-Rocky9	all	mysql-8.0.43-linux-glibc2.17-x86_64-minimal.tar.xz	md5	4e637786807ea06006cf7a600f897b45	https://downloads.mysql.com/archives/get/p/23/file/mysql-8.0.43-linux-glibc2.17-x86_64-minimal.tar.xz	-	none	-	-	none	-	supported	Default MySQL 8.0 package for supported non-Rocky9 targets.
mysql	8.0.43	Rocky9	all	mysql-8.0.43-linux-glibc2.28-x86_64.tar.xz	md5	9b6ef0d08e5506eab12fe2c1b619f664	https://downloads.mysql.com/archives/get/p/23/file/mysql-8.0.43-linux-glibc2.28-x86_64.tar.xz	-	none	-	-	none	-	supported	Rocky9 uses the glibc2.28 non-minimal MySQL package.
mysql	8.0.44	non-Rocky9	all	mysql-8.0.44-linux-glibc2.17-x86_64-minimal.tar.xz	md5	c1d2bef2c54b2ff6caa778efd56bc4a1	https://downloads.mysql.com/archives/get/p/23/file/mysql-8.0.44-linux-glibc2.17-x86_64-minimal.tar.xz	-	none	-	-	none	-	supported	Default MySQL 8.0 package for supported non-Rocky9 targets.
mysql	8.0.44	Rocky9	all	mysql-8.0.44-linux-glibc2.28-x86_64.tar.xz	md5	f4a07a0e463ff0d2858dcfedce0fee59	https://downloads.mysql.com/archives/get/p/23/file/mysql-8.0.44-linux-glibc2.28-x86_64.tar.xz	-	none	-	-	none	-	supported	Rocky9 uses the glibc2.28 non-minimal MySQL package.
mysql	8.0.45	non-Rocky9	all	mysql-8.0.45-linux-glibc2.17-x86_64-minimal.tar.xz	md5	5b3bb1cf8f5ff3e3f5281e8c536889f7	https://downloads.mysql.com/archives/get/p/23/file/mysql-8.0.45-linux-glibc2.17-x86_64-minimal.tar.xz	-	none	-	-	none	-	supported	Default MySQL 8.0 package for supported non-Rocky9 targets.
mysql	8.0.45	Rocky9	all	mysql-8.0.45-linux-glibc2.28-x86_64.tar.xz	md5	ebe0a06e5f0125c0265eb3576b4c01a4	https://downloads.mysql.com/archives/get/p/23/file/mysql-8.0.45-linux-glibc2.28-x86_64.tar.xz	-	none	-	-	none	-	supported	Rocky9 uses the glibc2.28 non-minimal MySQL package.
mysql	8.0.46	non-Rocky9	all	mysql-8.0.46-linux-glibc2.17-x86_64-minimal.tar.xz	md5	d8ec6c48d02e88759eef61c51a6da07d	https://dev.mysql.com/get/Downloads/MySQL-8.0/mysql-8.0.46-linux-glibc2.17-x86_64-minimal.tar.xz	-	none	-	-	none	-	supported	Default MySQL 8.0 package for supported non-Rocky9 targets.
mysql	8.0.46	Rocky9	all	mysql-8.0.46-linux-glibc2.28-x86_64.tar.xz	md5	367c6adbd976c0e4bcbe39bda4ea6ecf	https://dev.mysql.com/get/Downloads/MySQL-8.0/mysql-8.0.46-linux-glibc2.28-x86_64.tar.xz	-	none	-	-	none	-	supported	Rocky9 uses the glibc2.28 non-minimal MySQL package.
mysql	8.4.0	non-Rocky9	all	mysql-8.4.0-linux-glibc2.17-x86_64-minimal.tar.xz	md5	9c59dfc42f6998b94b4d03ad7a1afad8	https://downloads.mysql.com/archives/get/p/23/file/mysql-8.4.0-linux-glibc2.17-x86_64-minimal.tar.xz	mysql-shell-8.4.0-linux-glibc2.17-x86-64bit.tar.gz	md5	2c41d3fd8ff968d56ea37da8cca9ee33	mysql-router-8.4.0-linux-glibc2.17-x86_64.tar.xz	md5	138870a2a96ab0c3565cb748b3c54f7f	supported	MySQL Shell and Router are needed by InnoDB Cluster and Router flows.
mysql	8.4.0	Rocky9	all	mysql-8.4.0-linux-glibc2.28-x86_64.tar.xz	md5	fb98268a539ee9ec5ee6dabad1258229	https://downloads.mysql.com/archives/get/p/23/file/mysql-8.4.0-linux-glibc2.28-x86_64.tar.xz	mysql-shell-8.4.0-linux-glibc2.17-x86-64bit.tar.gz	md5	2c41d3fd8ff968d56ea37da8cca9ee33	mysql-router-8.4.0-linux-glibc2.17-x86_64.tar.xz	md5	138870a2a96ab0c3565cb748b3c54f7f	supported	Rocky9 uses the glibc2.28 server package; Shell and Router remain glibc2.17 by default for 8.4.
mysql	8.4.2	non-Rocky9	all	mysql-8.4.2-linux-glibc2.17-x86_64-minimal.tar.xz	md5	ad70726bfb4089620d03772e36238e0c	https://downloads.mysql.com/archives/get/p/23/file/mysql-8.4.2-linux-glibc2.17-x86_64-minimal.tar.xz	mysql-shell-8.4.9-linux-glibc2.17-x86-64bit.tar.gz	md5	698a9bef3302dd88ac98e77be13da284	mysql-router-8.4.2-linux-glibc2.17-x86_64.tar.xz	md5	b04cf61ddd74229e5458b2fc6057d3b4	supported	MySQL Shell and Router are needed by InnoDB Cluster and Router flows.
mysql	8.4.2	Rocky9	all	mysql-8.4.2-linux-glibc2.28-x86_64.tar.xz	md5	7ab54b14a4aefc42f666a1804dbb0374	https://downloads.mysql.com/archives/get/p/23/file/mysql-8.4.2-linux-glibc2.28-x86_64.tar.xz	mysql-shell-8.4.9-linux-glibc2.17-x86-64bit.tar.gz	md5	698a9bef3302dd88ac98e77be13da284	mysql-router-8.4.2-linux-glibc2.17-x86_64.tar.xz	md5	b04cf61ddd74229e5458b2fc6057d3b4	supported	Rocky9 uses the glibc2.28 server package; Shell and Router remain glibc2.17 by default for 8.4.
mysql	8.4.3	non-Rocky9	all	mysql-8.4.3-linux-glibc2.17-x86_64-minimal.tar.xz	md5	465fa52c59b1cee6e15849e97fa51607	https://downloads.mysql.com/archives/get/p/23/file/mysql-8.4.3-linux-glibc2.17-x86_64-minimal.tar.xz	mysql-shell-8.4.3-linux-glibc2.17-x86-64bit.tar.gz	md5	7a9600aa7b14ab53b37d2059f2b16c81	mysql-router-8.4.3-linux-glibc2.17-x86_64.tar.xz	md5	baae54b674a797be3ad55f1d7c84c45b	supported	MySQL Shell and Router are needed by InnoDB Cluster and Router flows.
mysql	8.4.3	Rocky9	all	mysql-8.4.3-linux-glibc2.28-x86_64.tar.xz	md5	0d7f2af1ac4fa3afca87608a3dec5596	https://downloads.mysql.com/archives/get/p/23/file/mysql-8.4.3-linux-glibc2.28-x86_64.tar.xz	mysql-shell-8.4.3-linux-glibc2.17-x86-64bit.tar.gz	md5	7a9600aa7b14ab53b37d2059f2b16c81	mysql-router-8.4.3-linux-glibc2.17-x86_64.tar.xz	md5	baae54b674a797be3ad55f1d7c84c45b	supported	Rocky9 uses the glibc2.28 server package; Shell and Router remain glibc2.17 by default for 8.4.
mysql	8.4.4	non-Rocky9	all	mysql-8.4.4-linux-glibc2.17-x86_64-minimal.tar.xz	md5	7269a8e3a6ba247265f6c6cebdfe1f93	https://downloads.mysql.com/archives/get/p/23/file/mysql-8.4.4-linux-glibc2.17-x86_64-minimal.tar.xz	mysql-shell-8.4.4-linux-glibc2.17-x86-64bit.tar.gz	md5	86bab427dcd2df0e035f43d3b7865ed6	mysql-router-8.4.4-linux-glibc2.17-x86_64.tar.xz	md5	2b476dfedc6d487ecd09e39a8aaa4430	supported	MySQL Shell and Router are needed by InnoDB Cluster and Router flows.
mysql	8.4.4	Rocky9	all	mysql-8.4.4-linux-glibc2.28-x86_64.tar.xz	md5	13d599e5a9cb5e53996ee1bf6442fc4f	https://downloads.mysql.com/archives/get/p/23/file/mysql-8.4.4-linux-glibc2.28-x86_64.tar.xz	mysql-shell-8.4.4-linux-glibc2.17-x86-64bit.tar.gz	md5	86bab427dcd2df0e035f43d3b7865ed6	mysql-router-8.4.4-linux-glibc2.17-x86_64.tar.xz	md5	2b476dfedc6d487ecd09e39a8aaa4430	supported	Rocky9 uses the glibc2.28 server package; Shell and Router remain glibc2.17 by default for 8.4.
mysql	8.4.5	non-Rocky9	all	mysql-8.4.5-linux-glibc2.17-x86_64-minimal.tar.xz	md5	802284d974bbb7709ec10ea29229c489	https://downloads.mysql.com/archives/get/p/23/file/mysql-8.4.5-linux-glibc2.17-x86_64-minimal.tar.xz	mysql-shell-8.4.5-linux-glibc2.17-x86-64bit.tar.gz	md5	fd3701f678b6e26f5c6aae6f0fc42e49	mysql-router-8.4.5-linux-glibc2.17-x86_64.tar.xz	md5	55c76f9b10328e821fac1dbc80204a5e	supported	MySQL Shell and Router are needed by InnoDB Cluster and Router flows.
mysql	8.4.5	Rocky9	all	mysql-8.4.5-linux-glibc2.28-x86_64.tar.xz	md5	2c72f0f967cb82ec43086553521843ed	https://downloads.mysql.com/archives/get/p/23/file/mysql-8.4.5-linux-glibc2.28-x86_64.tar.xz	mysql-shell-8.4.5-linux-glibc2.17-x86-64bit.tar.gz	md5	fd3701f678b6e26f5c6aae6f0fc42e49	mysql-router-8.4.5-linux-glibc2.17-x86_64.tar.xz	md5	55c76f9b10328e821fac1dbc80204a5e	supported	Rocky9 uses the glibc2.28 server package; Shell and Router remain glibc2.17 by default for 8.4.
mysql	8.4.6	non-Rocky9	all	mysql-8.4.6-linux-glibc2.17-x86_64-minimal.tar.xz	md5	a02644e50bd395dc8b6b3174ed060e98	https://downloads.mysql.com/archives/get/p/23/file/mysql-8.4.6-linux-glibc2.17-x86_64-minimal.tar.xz	mysql-shell-8.4.6-linux-glibc2.17-x86-64bit.tar.gz	md5	9daa7275fc0854cfc306d77ec1a91620	mysql-router-8.4.6-linux-glibc2.17-x86_64.tar.xz	md5	4d434acab94ce859f64d912ed165df89	supported	MySQL Shell and Router are needed by InnoDB Cluster and Router flows.
mysql	8.4.6	Rocky9	all	mysql-8.4.6-linux-glibc2.28-x86_64.tar.xz	md5	3fd28aa10ce889a1778308c89120e55f	https://downloads.mysql.com/archives/get/p/23/file/mysql-8.4.6-linux-glibc2.28-x86_64.tar.xz	mysql-shell-8.4.6-linux-glibc2.17-x86-64bit.tar.gz	md5	9daa7275fc0854cfc306d77ec1a91620	mysql-router-8.4.6-linux-glibc2.17-x86_64.tar.xz	md5	4d434acab94ce859f64d912ed165df89	supported	Rocky9 uses the glibc2.28 server package; Shell and Router remain glibc2.17 by default for 8.4.
mysql	8.4.7	non-Rocky9	all	mysql-8.4.7-linux-glibc2.17-x86_64-minimal.tar.xz	md5	6442e8c50350e97bce838abeb56df731	https://downloads.mysql.com/archives/get/p/23/file/mysql-8.4.7-linux-glibc2.17-x86_64-minimal.tar.xz	mysql-shell-8.4.7-linux-glibc2.17-x86-64bit.tar.gz	md5	6038aa4b18b9e65c135cf23b1b61b3a3	mysql-router-8.4.7-linux-glibc2.17-x86_64.tar.xz	md5	b9e59fad4f6bac0c804f1dc7cad7b9c6	supported	MySQL Shell and Router are needed by InnoDB Cluster and Router flows.
mysql	8.4.7	Rocky9	all	mysql-8.4.7-linux-glibc2.28-x86_64.tar.xz	md5	cf91da52190c223e860614d5e3c4ba8d	https://downloads.mysql.com/archives/get/p/23/file/mysql-8.4.7-linux-glibc2.28-x86_64.tar.xz	mysql-shell-8.4.7-linux-glibc2.17-x86-64bit.tar.gz	md5	6038aa4b18b9e65c135cf23b1b61b3a3	mysql-router-8.4.7-linux-glibc2.17-x86_64.tar.xz	md5	b9e59fad4f6bac0c804f1dc7cad7b9c6	supported	Rocky9 uses the glibc2.28 server package; Shell and Router remain glibc2.17 by default for 8.4.
mysql	8.4.8	non-Rocky9	all	mysql-8.4.8-linux-glibc2.17-x86_64-minimal.tar.xz	md5	bbf8084d8be89b5a5d65ba14f476dc08	https://downloads.mysql.com/archives/get/p/23/file/mysql-8.4.8-linux-glibc2.17-x86_64-minimal.tar.xz	mysql-shell-8.4.8-linux-glibc2.17-x86-64bit.tar.gz	md5	b8501b55729f760d2d3216f2e7556188	mysql-router-8.4.8-linux-glibc2.17-x86_64.tar.xz	md5	075a40954c5c5e78155ad603eb8ac5b7	supported	MySQL Shell and Router are needed by InnoDB Cluster and Router flows.
mysql	8.4.8	Rocky9	all	mysql-8.4.8-linux-glibc2.28-x86_64.tar.xz	md5	2183f24aeaef90d93905dcbd9215176c	https://downloads.mysql.com/archives/get/p/23/file/mysql-8.4.8-linux-glibc2.28-x86_64.tar.xz	mysql-shell-8.4.8-linux-glibc2.17-x86-64bit.tar.gz	md5	b8501b55729f760d2d3216f2e7556188	mysql-router-8.4.8-linux-glibc2.17-x86_64.tar.xz	md5	075a40954c5c5e78155ad603eb8ac5b7	supported	Rocky9 uses the glibc2.28 server package; Shell and Router remain glibc2.17 by default for 8.4.
mysql	8.4.9	non-Rocky9	all	mysql-8.4.9-linux-glibc2.17-x86_64-minimal.tar.xz	md5	0889ace07b4e33b6daf5d26464c8a433	https://dev.mysql.com/get/Downloads/MySQL-8.4/mysql-8.4.9-linux-glibc2.17-x86_64-minimal.tar.xz	mysql-shell-8.4.9-linux-glibc2.17-x86-64bit.tar.gz	md5	698a9bef3302dd88ac98e77be13da284	mysql-router-8.4.9-linux-glibc2.17-x86_64.tar.xz	md5	39bb6989ed64e8a44663c24f38db2744	supported	MySQL Shell and Router are needed by InnoDB Cluster and Router flows.
mysql	8.4.9	Rocky9	all	mysql-8.4.9-linux-glibc2.28-x86_64.tar.xz	md5	866f62c31886b4aedd42f4d168e4a7fe	https://dev.mysql.com/get/Downloads/MySQL-8.4/mysql-8.4.9-linux-glibc2.28-x86_64.tar.xz	mysql-shell-8.4.9-linux-glibc2.17-x86-64bit.tar.gz	md5	698a9bef3302dd88ac98e77be13da284	mysql-router-8.4.9-linux-glibc2.17-x86_64.tar.xz	md5	39bb6989ed64e8a44663c24f38db2744	supported	Rocky9 uses the glibc2.28 server package; Shell and Router remain glibc2.17 by default for 8.4.
mysql	9.7.0	not-rhel7-family	all	mysql-9.7.0-linux-glibc2.28-x86_64-minimal.tar.xz	md5	b9f4fe3f6d1754212f3ed2f201b16245	https://dev.mysql.com/get/Downloads/MySQL-9.7/mysql-9.7.0-linux-glibc2.28-x86_64-minimal.tar.xz	mysql-shell-9.7.0-linux-glibc2.28-x86-64bit.tar.gz	md5	cf8f80d298cb67ae9c4f4b0d38a7f8af	mysql-router-9.7.0-linux-glibc2.28-x86_64.tar.xz	md5	c4f147ad8fd2d9bbf6ee36eabcf7e96e	supported	MySQL 9.7 uses glibc2.28 packages and is blocked on CentOS7, RedHat7, and BigCloud7.
percona	8.0.29-21	all	all	Percona-Server-8.0.29-21-Linux.x86_64.glibc2.17.tar.gz	sha256	574908ff1ca6f6175572bba3225afc132870761943f65068aa2d2642b1e3803b	https://downloads.percona.com/downloads/Percona-Server-8.0/Percona-Server-8.0.29-21/binary/tarball/Percona-Server-8.0.29-21-Linux.x86_64.glibc2.17.tar.gz	-	none	-	-	none	-	supported	Percona upstream publishes a sha256sum sidecar for this tarball.
greatsql	8.0.32-24	all	all	GreatSQL-8.0.32-24-Linux-glibc2.17-x86_64-minimal.tar.xz	md5	3e4556b1bb99949081b1fbbebd2d4969	https://product.greatdb.com/GreatSQL-8.0.32-24/GreatSQL-8.0.32-24-Linux-glibc2.17-x86_64-minimal.tar.xz	-	none	-	-	none	-	supported	GreatSQL supported version.
greatsql	8.0.32-25	all	all	GreatSQL-8.0.32-25-Linux-glibc2.17-x86_64-minimal.tar.xz	md5	82cca49a75572798bc4c3aa57ffa7e2f	https://product.greatdb.com/GreatSQL-8.0.32-25-Rapid/GreatSQL-8.0.32-25-Linux-glibc2.17-x86_64-minimal.tar.xz	-	none	-	-	none	-	supported	GreatSQL Rapid package.
greatsql	8.0.32-26	all	all	GreatSQL-8.0.32-26-Linux-glibc2.17-x86_64-minimal.tar.xz	md5	044299423fbeb04a34886ca483644140	https://product.greatdb.com/GreatSQL-8.0.32-26/GreatSQL-8.0.32-26-Linux-glibc2.17-x86_64-minimal.tar.xz	-	none	-	-	none	-	supported	GreatSQL supported version.
greatsql	8.0.32-27	all	all	GreatSQL-8.0.32-27-Linux-glibc2.17-x86_64-minimal.tar.xz	md5	954a3f9fc288bae3cf7b93e846ff1e2b	https://product.greatdb.com/GreatSQL-8.0.32-27/GreatSQL-8.0.32-27-Linux-glibc2.17-x86_64-minimal.tar.xz	-	none	-	-	none	-	supported	GreatSQL supported version.
clickhouse	23.6.1.1524	all-supported-os	all	clickhouse-common-static-23.6.1.1524-amd64.tgz	sha512	d59901bcc0567917f2febd337bab524d9f31828c5506934ba97632af70dd958e032c29582e5871d57608559a152cc2a7641e3cd9964300d99a78307a7fd09b30	https://packages.clickhouse.com/tgz/stable/clickhouse-common-static-23.6.1.1524-amd64.tgz	clickhouse-server-23.6.1.1524-amd64.tgz	sha512	9dcc48d27b4b75a33162fc35cb9d4255775d99219da5fd3e391c576a37b682018810fc1d1b47b4af049390c9acd07a17532a1cdeb1dfe2f411642dec172f7483	clickhouse-client-23.6.1.1524-amd64.tgz	sha512	e3e89a996a91372e8be135fa1cbb470e7c98206fed4fac28379cb58d560f14c1c14ff3e725c92a3549190bab560911ae083f645dee015d32d8758c76c0ada63d	supported	Debug package clickhouse-common-static-dbg-23.6.1.1524-amd64.tgz is optional when clickhouse_install_debug_package=true.
